{
  "loss": [
    0.7746463684815719,
    0.6795209149767336,
    0.6389857912598703,
    0.5709966283883041,
    0.5411494932170718,
    0.48977777939088524,
    0.4704397695939539,
    0.45396509551050657,
    0.4137370034445353,
    0.37903925570862945,
    0.3725751004462825,
    0.334042655757736,
    0.31858948745756277,
    0.30902367054871094,
    0.29533329150226845
  ],
  "accuracy": [
    0.5394846217788861,
    0.5910224438902744,
    0.6263507896924356,
    0.6537822111388196,
    0.6837073981712386,
    0.7219451371571073,
    0.7377389858686617,
    0.758520365752286,
    0.7826267664172901,
    0.8000831255195345,
    0.8071487946799667,
    0.8366583541147132,
    0.8503740648379052,
    0.8582709891936825,
    0.8665835411471322
  ],
  "val_loss": [
    0.44153726744493377,
    0.40165083748953684,
    0.37298995578209826,
    0.315926493748874,
    0.30556112250616385,
    0.27259806105464796,
    0.24135293715023914,
    0.24147828735188392,
    0.2268748065561947,
    0.21287755767174338,
    0.21698413893233898,
    0.22194050757393885,
    0.1891312934829547,
    0.19007049607379095,
    0.17554981132777425
  ],
  "val_accuracy": [
    0.8039867109634552,
    0.8106312292358804,
    0.8205980066445183,
    0.8504983388704319,
    0.893687707641196,
    0.9102990033222591,
    0.9269102990033222,
    0.9069767441860465,
    0.9235880398671097,
    0.9302325581395349,
    0.9302325581395349,
    0.9102990033222591,
    0.9302325581395349,
    0.9269102990033222,
    0.9401993355481728
  ]
}