{
  "loss": [
    0.38494576237544553,
    0.20877818221958697,
    0.14178170626696604,
    0.12191021640290346,
    0.10309580476615494,
    0.07877867661899611,
    0.07444297451083103,
    0.07011833348476382
  ],
  "accuracy": [
    0.7352452202826267,
    0.9039900249376559,
    0.9488778054862843,
    0.9642560266001663,
    0.972568578553616,
    0.9804655029093932,
    0.9750623441396509,
    0.9800498753117207
  ],
  "val_loss": [
    0.2360209822654724,
    0.1939505986696066,
    0.10556384034925125,
    0.09029379115746267,
    0.061850990530759396,
    0.0743155515075126,
    0.04656869845087346,
    0.06387189338819133
  ],
  "val_accuracy": [
    0.9501661129568106,
    0.9634551495016611,
    0.9867109634551495,
    0.9867109634551495,
    0.9900332225913622,
    0.9900332225913622,
    0.9966777408637874,
    0.9900332225913622
  ]
}