{
  "Custom_CNN": {
    "test_accuracy": 0.9302325581395349,
    "test_loss": 0,
    "auc": 0.9714509803921568,
    "precision_normal": 0.7272727272727273,
    "recall_normal": 0.9411764705882353,
    "f1_normal": 0.8205128205128205,
    "precision_tb": 0.9872340425531915,
    "recall_tb": 0.928,
    "f1_tb": 0.9567010309278351,
    "weighted_f1": 0.9336259520867529
  },
  "ResNet50": {
    "test_accuracy": 0.9534883720930233,
    "test_loss": 0,
    "auc": 0.992156862745098,
    "precision_normal": 0.8245614035087719,
    "recall_normal": 0.9215686274509803,
    "f1_normal": 0.8703703703703703,
    "precision_tb": 0.9836065573770492,
    "recall_tb": 0.96,
    "f1_tb": 0.97165991902834,
    "weighted_f1": 0.9544979024783187
  },
  "EfficientNetB0": {
    "test_accuracy": 0.9867109634551495,
    "test_loss": 0,
    "auc": 1.0,
    "precision_normal": 0.9272727272727272,
    "recall_normal": 1.0,
    "f1_normal": 0.9622641509433962,
    "precision_tb": 1.0,
    "recall_tb": 0.984,
    "f1_tb": 0.9919354838709677,
    "weighted_f1": 0.986908115168954
  }
}