{
  "loss": [
    0.2513234931557553,
    0.18214288445890991,
    0.1549278224500226,
    0.09712161374582615,
    0.09841572187673718,
    0.11128097026611207,
    0.09931945207111494
  ],
  "accuracy": [
    0.8827930174563591,
    0.9517871986699917,
    0.9588528678304239,
    0.9767248545303409,
    0.9771404821280133,
    0.9738154613466334,
    0.9754779717373233
  ],
  "val_loss": [
    0.13467756344780538,
    0.06304611252509429,
    0.042191053901857185,
    0.05448512096627926,
    0.05705138349704095,
    0.024610140958438904,
    0.04430786533619062
  ],
  "val_accuracy": [
    0.9700996677740864,
    1.0,
    0.9900332225913622,
    0.9933554817275747,
    0.9900332225913622,
    1.0,
    0.9933554817275747
  ]
}